{
  "M2: GET Login Page" : {
    "transaction" : "M2: GET Login Page",
    "sampleCount" : 30,
    "errorCount" : 26,
    "errorPct" : 86.666664,
    "meanResTime" : 13936.766666666666,
    "medianResTime" : 15002.5,
    "minResTime" : 1450.0,
    "maxResTime" : 15014.0,
    "pct1ResTime" : 15012.9,
    "pct2ResTime" : 15013.45,
    "pct3ResTime" : 15014.0,
    "throughput" : 1.5171437240821282,
    "receivedKBytesPerSec" : 12.112555470567411,
    "sentKBytesPerSec" : 0.06657258268433296
  },
  "POST Livewire Product Search" : {
    "transaction" : "POST Livewire Product Search",
    "sampleCount" : 30,
    "errorCount" : 30,
    "errorPct" : 100.0,
    "meanResTime" : 14.266666666666667,
    "medianResTime" : 14.0,
    "minResTime" : 1.0,
    "maxResTime" : 29.0,
    "pct1ResTime" : 28.0,
    "pct2ResTime" : 28.45,
    "pct3ResTime" : 29.0,
    "throughput" : 2.024701356549909,
    "receivedKBytesPerSec" : 5.295068586758453,
    "sentKBytesPerSec" : 0.0
  },
  "GET Product List Page" : {
    "transaction" : "GET Product List Page",
    "sampleCount" : 30,
    "errorCount" : 30,
    "errorPct" : 100.0,
    "meanResTime" : 514.2,
    "medianResTime" : 15.0,
    "minResTime" : 1.0,
    "maxResTime" : 15013.0,
    "pct1ResTime" : 32.800000000000004,
    "pct2ResTime" : 6775.099999999989,
    "pct3ResTime" : 15013.0,
    "throughput" : 1.8134558423502387,
    "receivedKBytesPerSec" : 4.749046518920389,
    "sentKBytesPerSec" : 0.0
  },
  "M2: POST Livewire Login" : {
    "transaction" : "M2: POST Livewire Login",
    "sampleCount" : 30,
    "errorCount" : 30,
    "errorPct" : 100.0,
    "meanResTime" : 12011.433333333334,
    "medianResTime" : 15006.5,
    "minResTime" : 2.0,
    "maxResTime" : 15016.0,
    "pct1ResTime" : 15014.9,
    "pct2ResTime" : 15016.0,
    "pct3ResTime" : 15016.0,
    "throughput" : 0.9509922018639447,
    "receivedKBytesPerSec" : 2.568050426361504,
    "sentKBytesPerSec" : 0.0
  },
  "POST Livewire Create Category" : {
    "transaction" : "POST Livewire Create Category",
    "sampleCount" : 20,
    "errorCount" : 20,
    "errorPct" : 100.0,
    "meanResTime" : 16.950000000000003,
    "medianResTime" : 13.5,
    "minResTime" : 2.0,
    "maxResTime" : 30.0,
    "pct1ResTime" : 28.900000000000002,
    "pct2ResTime" : 29.95,
    "pct3ResTime" : 30.0,
    "throughput" : 1.3532715339332837,
    "receivedKBytesPerSec" : 3.5391222342513027,
    "sentKBytesPerSec" : 0.0
  },
  "GET Create Category Page" : {
    "transaction" : "GET Create Category Page",
    "sampleCount" : 20,
    "errorCount" : 20,
    "errorPct" : 100.0,
    "meanResTime" : 12.049999999999999,
    "medianResTime" : 15.0,
    "minResTime" : 1.0,
    "maxResTime" : 31.0,
    "pct1ResTime" : 16.900000000000002,
    "pct2ResTime" : 30.29999999999999,
    "pct3ResTime" : 31.0,
    "throughput" : 1.3540961408259986,
    "receivedKBytesPerSec" : 3.5412787745429926,
    "sentKBytesPerSec" : 0.0
  },
  "M1: GET Login Page" : {
    "transaction" : "M1: GET Login Page",
    "sampleCount" : 50,
    "errorCount" : 46,
    "errorPct" : 92.0,
    "meanResTime" : 14498.119999999999,
    "medianResTime" : 15002.0,
    "minResTime" : 3330.0,
    "maxResTime" : 15017.0,
    "pct1ResTime" : 15011.6,
    "pct2ResTime" : 15014.9,
    "pct3ResTime" : 15017.0,
    "throughput" : 2.0249473513688647,
    "receivedKBytesPerSec" : 11.904554739389276,
    "sentKBytesPerSec" : 0.05331306698525838
  },
  "M4: GET Login Page" : {
    "transaction" : "M4: GET Login Page",
    "sampleCount" : 20,
    "errorCount" : 17,
    "errorPct" : 85.0,
    "meanResTime" : 14073.999999999996,
    "medianResTime" : 15002.5,
    "minResTime" : 4285.0,
    "maxResTime" : 15016.0,
    "pct1ResTime" : 15014.8,
    "pct2ResTime" : 15015.95,
    "pct3ResTime" : 15016.0,
    "throughput" : 1.0155377272265664,
    "receivedKBytesPerSec" : 8.775822823575709,
    "sentKBytesPerSec" : 0.05013225792119427
  },
  "M4: POST Livewire Login" : {
    "transaction" : "M4: POST Livewire Login",
    "sampleCount" : 20,
    "errorCount" : 20,
    "errorPct" : 100.0,
    "meanResTime" : 12011.5,
    "medianResTime" : 15007.5,
    "minResTime" : 17.0,
    "maxResTime" : 15017.0,
    "pct1ResTime" : 15015.9,
    "pct2ResTime" : 15016.95,
    "pct3ResTime" : 15017.0,
    "throughput" : 0.6793939805693321,
    "receivedKBytesPerSec" : 1.8346291358108568,
    "sentKBytesPerSec" : 0.0
  },
  "Total" : {
    "transaction" : "Total",
    "sampleCount" : 670,
    "errorCount" : 656,
    "errorPct" : 97.910446,
    "meanResTime" : 4769.623880597015,
    "medianResTime" : 29.0,
    "minResTime" : 0.0,
    "maxResTime" : 15018.0,
    "pct1ResTime" : 15008.0,
    "pct2ResTime" : 15013.0,
    "pct3ResTime" : 15016.0,
    "throughput" : 19.821312348381753,
    "receivedKBytesPerSec" : 68.87284891611444,
    "sentKBytesPerSec" : 0.13630619120170404
  },
  "M1: POST Livewire Login" : {
    "transaction" : "M1: POST Livewire Login",
    "sampleCount" : 50,
    "errorCount" : 50,
    "errorPct" : 100.0,
    "meanResTime" : 6015.56,
    "medianResTime" : 27.5,
    "minResTime" : 3.0,
    "maxResTime" : 15016.0,
    "pct1ResTime" : 15012.8,
    "pct2ResTime" : 15016.0,
    "pct3ResTime" : 15016.0,
    "throughput" : 1.646090534979424,
    "receivedKBytesPerSec" : 4.375,
    "sentKBytesPerSec" : 0.0
  },
  "M3: GET Login Page" : {
    "transaction" : "M3: GET Login Page",
    "sampleCount" : 40,
    "errorCount" : 37,
    "errorPct" : 92.5,
    "meanResTime" : 14439.574999999997,
    "medianResTime" : 15002.0,
    "minResTime" : 2409.0,
    "maxResTime" : 15018.0,
    "pct1ResTime" : 15013.8,
    "pct2ResTime" : 15015.0,
    "pct3ResTime" : 15018.0,
    "throughput" : 1.6204172574437918,
    "receivedKBytesPerSec" : 9.206588958375532,
    "sentKBytesPerSec" : 0.03999613884950375
  },
  "GET Dashboard Page" : {
    "transaction" : "GET Dashboard Page",
    "sampleCount" : 250,
    "errorCount" : 250,
    "errorPct" : 100.0,
    "meanResTime" : 78.16400000000002,
    "medianResTime" : 16.0,
    "minResTime" : 0.0,
    "maxResTime" : 15012.0,
    "pct1ResTime" : 31.0,
    "pct2ResTime" : 32.0,
    "pct3ResTime" : 42.0,
    "throughput" : 16.21271076523995,
    "receivedKBytesPerSec" : 42.40694157344358,
    "sentKBytesPerSec" : 0.0
  },
  "GET Orders Page" : {
    "transaction" : "GET Orders Page",
    "sampleCount" : 40,
    "errorCount" : 40,
    "errorPct" : 100.0,
    "meanResTime" : 391.45000000000005,
    "medianResTime" : 16.0,
    "minResTime" : 1.0,
    "maxResTime" : 15014.0,
    "pct1ResTime" : 31.0,
    "pct2ResTime" : 31.949999999999996,
    "pct3ResTime" : 15014.0,
    "throughput" : 2.45474071801166,
    "receivedKBytesPerSec" : 6.4262546985271545,
    "sentKBytesPerSec" : 0.0
  },
  "M3: POST Livewire Login" : {
    "transaction" : "M3: POST Livewire Login",
    "sampleCount" : 40,
    "errorCount" : 40,
    "errorPct" : 100.0,
    "meanResTime" : 6014.800000000001,
    "medianResTime" : 28.5,
    "minResTime" : 2.0,
    "maxResTime" : 15016.0,
    "pct1ResTime" : 15014.0,
    "pct2ResTime" : 15015.95,
    "pct3ResTime" : 15016.0,
    "throughput" : 1.2781594503914362,
    "receivedKBytesPerSec" : 3.3971081642434893,
    "sentKBytesPerSec" : 0.0
  }
}