{
  "M2: GET Login Page" : {
    "transaction" : "M2: GET Login Page",
    "sampleCount" : 3,
    "errorCount" : 0,
    "errorPct" : 0.0,
    "meanResTime" : 5794.0,
    "medianResTime" : 6627.0,
    "minResTime" : 1467.0,
    "maxResTime" : 9288.0,
    "pct1ResTime" : 9288.0,
    "pct2ResTime" : 9288.0,
    "pct3ResTime" : 9288.0,
    "throughput" : 0.2275830678197542,
    "receivedKBytesPerSec" : 9.60116067364588,
    "sentKBytesPerSec" : 0.07489794321802458
  },
  "POST Livewire Product Search" : {
    "transaction" : "POST Livewire Product Search",
    "sampleCount" : 3,
    "errorCount" : 3,
    "errorPct" : 100.0,
    "meanResTime" : 11030.333333333334,
    "medianResTime" : 10576.0,
    "minResTime" : 9902.0,
    "maxResTime" : 12613.0,
    "pct1ResTime" : 12613.0,
    "pct2ResTime" : 12613.0,
    "pct3ResTime" : 12613.0,
    "throughput" : 0.11963153487259241,
    "receivedKBytesPerSec" : 0.853659790345735,
    "sentKBytesPerSec" : 0.15479666377557122
  },
  "GET Product List Page" : {
    "transaction" : "GET Product List Page",
    "sampleCount" : 3,
    "errorCount" : 0,
    "errorPct" : 0.0,
    "meanResTime" : 25977.333333333332,
    "medianResTime" : 26343.0,
    "minResTime" : 24885.0,
    "maxResTime" : 26704.0,
    "pct1ResTime" : 26704.0,
    "pct2ResTime" : 26704.0,
    "pct3ResTime" : 26704.0,
    "throughput" : 0.07160588122971166,
    "receivedKBytesPerSec" : 3.0963949422379224,
    "sentKBytesPerSec" : 0.1484563338385526
  },
  "M2: POST Livewire Login" : {
    "transaction" : "M2: POST Livewire Login",
    "sampleCount" : 3,
    "errorCount" : 3,
    "errorPct" : 100.0,
    "meanResTime" : 11188.0,
    "medianResTime" : 13101.0,
    "minResTime" : 7184.0,
    "maxResTime" : 13279.0,
    "pct1ResTime" : 13279.0,
    "pct2ResTime" : 13279.0,
    "pct3ResTime" : 13279.0,
    "throughput" : 0.12399256044637322,
    "receivedKBytesPerSec" : 0.8847789445133292,
    "sentKBytesPerSec" : 0.1795712569745815
  },
  "POST Livewire Create Category" : {
    "transaction" : "POST Livewire Create Category",
    "sampleCount" : 2,
    "errorCount" : 2,
    "errorPct" : 100.0,
    "meanResTime" : 11204.5,
    "medianResTime" : 11204.5,
    "minResTime" : 11092.0,
    "maxResTime" : 11317.0,
    "pct1ResTime" : 11317.0,
    "pct2ResTime" : 11317.0,
    "pct3ResTime" : 11317.0,
    "throughput" : 0.1353637901861252,
    "receivedKBytesPerSec" : 0.9659211082910322,
    "sentKBytesPerSec" : 0.19432106598984772
  },
  "GET Create Category Page" : {
    "transaction" : "GET Create Category Page",
    "sampleCount" : 2,
    "errorCount" : 0,
    "errorPct" : 0.0,
    "meanResTime" : 26744.0,
    "medianResTime" : 26744.0,
    "minResTime" : 26626.0,
    "maxResTime" : 26862.0,
    "pct1ResTime" : 26862.0,
    "pct2ResTime" : 26862.0,
    "pct3ResTime" : 26862.0,
    "throughput" : 0.06592827004219409,
    "receivedKBytesPerSec" : 2.85088261471519,
    "sentKBytesPerSec" : 0.13726471848628694
  },
  "M1: GET Login Page" : {
    "transaction" : "M1: GET Login Page",
    "sampleCount" : 5,
    "errorCount" : 0,
    "errorPct" : 0.0,
    "meanResTime" : 7881.8,
    "medianResTime" : 8356.0,
    "minResTime" : 3621.0,
    "maxResTime" : 12753.0,
    "pct1ResTime" : 12753.0,
    "pct2ResTime" : 12753.0,
    "pct3ResTime" : 12753.0,
    "throughput" : 0.2422245906404418,
    "receivedKBytesPerSec" : 10.21884991764364,
    "sentKBytesPerSec" : 0.07971649125569227
  },
  "GET Dashboard Page-1" : {
    "transaction" : "GET Dashboard Page-1",
    "sampleCount" : 25,
    "errorCount" : 0,
    "errorPct" : 0.0,
    "meanResTime" : 6300.239999999999,
    "medianResTime" : 4718.0,
    "minResTime" : 2455.0,
    "maxResTime" : 13622.0,
    "pct1ResTime" : 12266.600000000004,
    "pct2ResTime" : 13562.6,
    "pct3ResTime" : 13622.0,
    "throughput" : 0.35816618911174786,
    "receivedKBytesPerSec" : 15.110136103151863,
    "sentKBytesPerSec" : 0.37075796919770776
  },
  "GET Dashboard Page-0" : {
    "transaction" : "GET Dashboard Page-0",
    "sampleCount" : 25,
    "errorCount" : 0,
    "errorPct" : 0.0,
    "meanResTime" : 7361.880000000001,
    "medianResTime" : 5239.0,
    "minResTime" : 4273.0,
    "maxResTime" : 13526.0,
    "pct1ResTime" : 13386.2,
    "pct2ResTime" : 13506.2,
    "pct3ResTime" : 13526.0,
    "throughput" : 0.3108563470648944,
    "receivedKBytesPerSec" : 0.3278563035450058,
    "sentKBytesPerSec" : 0.3229991731221168
  },
  "GET Orders Page-0" : {
    "transaction" : "GET Orders Page-0",
    "sampleCount" : 4,
    "errorCount" : 0,
    "errorPct" : 0.0,
    "meanResTime" : 13339.25,
    "medianResTime" : 13347.5,
    "minResTime" : 13193.0,
    "maxResTime" : 13469.0,
    "pct1ResTime" : 13469.0,
    "pct2ResTime" : 13469.0,
    "pct3ResTime" : 13469.0,
    "throughput" : 0.11747085254471235,
    "receivedKBytesPerSec" : 0.1238950397932513,
    "sentKBytesPerSec" : 0.12171540483392558
  },
  "M4: GET Login Page" : {
    "transaction" : "M4: GET Login Page",
    "sampleCount" : 2,
    "errorCount" : 0,
    "errorPct" : 0.0,
    "meanResTime" : 4680.0,
    "medianResTime" : 4680.0,
    "minResTime" : 4609.0,
    "maxResTime" : 4751.0,
    "pct1ResTime" : 4751.0,
    "pct2ResTime" : 4751.0,
    "pct3ResTime" : 4751.0,
    "throughput" : 0.3008423586040915,
    "receivedKBytesPerSec" : 12.69178700361011,
    "sentKBytesPerSec" : 0.09900769028279183
  },
  "M4: POST Livewire Login" : {
    "transaction" : "M4: POST Livewire Login",
    "sampleCount" : 2,
    "errorCount" : 2,
    "errorPct" : 100.0,
    "meanResTime" : 11221.0,
    "medianResTime" : 11221.0,
    "minResTime" : 10385.0,
    "maxResTime" : 12057.0,
    "pct1ResTime" : 12057.0,
    "pct2ResTime" : 12057.0,
    "pct3ResTime" : 12057.0,
    "throughput" : 0.1418942887548776,
    "receivedKBytesPerSec" : 1.012521062433487,
    "sentKBytesPerSec" : 0.2054972951401206
  },
  "GET Product List Page-0" : {
    "transaction" : "GET Product List Page-0",
    "sampleCount" : 3,
    "errorCount" : 0,
    "errorPct" : 0.0,
    "meanResTime" : 13358.333333333334,
    "medianResTime" : 13449.0,
    "minResTime" : 13177.0,
    "maxResTime" : 13449.0,
    "pct1ResTime" : 13449.0,
    "pct2ResTime" : 13449.0,
    "pct3ResTime" : 13449.0,
    "throughput" : 0.0984898227183191,
    "receivedKBytesPerSec" : 0.10387598489822718,
    "sentKBytesPerSec" : 0.10224089995075508
  },
  "GET Product List Page-1" : {
    "transaction" : "GET Product List Page-1",
    "sampleCount" : 3,
    "errorCount" : 0,
    "errorPct" : 0.0,
    "meanResTime" : 12618.666666666666,
    "medianResTime" : 12894.0,
    "minResTime" : 11436.0,
    "maxResTime" : 13526.0,
    "pct1ResTime" : 13526.0,
    "pct2ResTime" : 13526.0,
    "pct3ResTime" : 13526.0,
    "throughput" : 0.10446409917125148,
    "receivedKBytesPerSec" : 4.407079183787172,
    "sentKBytesPerSec" : 0.10813666515774079
  },
  "GET Orders Page-1" : {
    "transaction" : "GET Orders Page-1",
    "sampleCount" : 4,
    "errorCount" : 0,
    "errorPct" : 0.0,
    "meanResTime" : 12349.25,
    "medianResTime" : 12257.5,
    "minResTime" : 11271.0,
    "maxResTime" : 13611.0,
    "pct1ResTime" : 13611.0,
    "pct2ResTime" : 13611.0,
    "pct3ResTime" : 13611.0,
    "throughput" : 0.12449811696598088,
    "receivedKBytesPerSec" : 5.252264309502319,
    "sentKBytesPerSec" : 0.12887500389056616
  },
  "Total" : {
    "transaction" : "Total",
    "sampleCount" : 135,
    "errorCount" : 19,
    "errorPct" : 14.074074,
    "meanResTime" : 10843.659259259259,
    "medianResTime" : 10192.0,
    "minResTime" : 1467.0,
    "maxResTime" : 26886.0,
    "pct1ResTime" : 23972.400000000005,
    "pct2ResTime" : 26632.6,
    "pct3ResTime" : 26878.8,
    "throughput" : 1.4312825351724432,